question,answer
How do I update billing information?,You can update billing information by logging into the provider portal and navigating to the 'Billing' section.
What are the steps to reset a password?,"To reset your password, go to the login page and click 'Forgot Password.' Follow the instructions sent to your email."
How do I schedule a new service?,"To schedule a new service, log in to your account, go to the 'Services' tab, and click 'Add New Service.'"
What are the current marketing promotions?,Current promotions include 20% off Botox treatments and a free consultation for new clients.
How do I update my business hours?,You can update your business hours by logging into the provider portal and navigating to the 'Settings' tab.
What is the process for onboarding a new provider?,"To onboard a new provider, submit their details through the 'Providers' tab in the portal and follow the prompts."
What are memberships and why should you consider them?,"A membership program encourages repeat business, builds long-term relationships, and creates a reliable source of income for a medspa. Memberships typically involve a subscription-based service where clients pay a recurring fee in exchange for exclusive benefits, discounts, or treatments. Medspas with memberships see 22% higher revenue and increased customer loyalty."
What are the benefits of medspa membership programs?,"Medspa membership programs provide steady revenue, build customer loyalty, and increase upselling opportunities. Members visit more frequently, spend more per visit, and are more likely to refer others. They also ensure patients commit to long-term treatment plans, leading to better outcomes and increased satisfaction."
What are the different types of medspa memberships?,"The main types of medspa memberships include: 
- Beauty Bank Memberships: Clients deposit a fixed amount monthly for use on services.
- Tiered Memberships: Different price levels with increasing benefits.
- Treatment-Specific Memberships: Memberships focused on recurring treatments, such as neurotoxin injections."
How do you design a successful medspa membership program?,"To design a successful membership program, understand client needs, keep the structure simple, account for overhead costs, and ensure legal compliance. Pricing should align with industry standards, and offerings should provide clear value while being easy to communicate."
How can medspas increase membership sales?,"Memberships are most effectively sold through in-person interactions (90% of sales), website promotions, social media marketing, and email campaigns. Highlighting membership benefits, offering signup incentives, and using testimonials can further increase conversions."
What key performance indicators (KPIs) should medspas track for memberships?,"Medspas should monitor:
- Membership Conversion Rate (target 40%+)
- Churn Rate (keep below 5%)
- Member vs. Non-Member Visit Frequency
- Average Order Value (AOV) per Member
- Membership Revenue as a Percentage of Total Revenue"
What are best practices for running a medspa membership program?,"Best practices include keeping the program simple, billing on a monthly basis, strategically pricing offerings, leveraging member feedback, and providing clear communication about benefits. Offering incentives for non-members and ensuring members see clear value help improve retention."
What are the sources for the Medspa Membership Handbook?,"Sources for the Medspa Membership Handbook include:
1. Ideo: 6 Ways to Design Value into Your Membership Model
2. Amspa Industry Report 2018
3. Amspa: The Next Level of Membership Programs
4. Bodytude - How to Optimize Your Salon/Spa Membership Model
5. Internal Moxie Data
6. Dermatology Times: Medspa Subscription Model
7. LinkedIn - Spa Memberships: 10 Things Members Want
8. LinkedIn (aesthetics pro) - 5 reasons why memberships keep clients coming back
9. Linkedin: Top 10 Loyalty Program Dos - Aesthetic Medical Practices
10. McKinsey & Co: How Covid19 is Changing the World of Beauty
11. Membership Geeks: 2022 Membership Industry Report
12. Membership Geeks: Membership Tactics Tips & Pricing
13. Pabau: The Benefits of a Membership Program for Med Spas
14. Pabau: Why Your Salon or Spa Needs a Loyalty Program
15. PlanSplit: Why Should You Implement Med Spa Memberships?
16. Privi
17. PYMNTS: Relationship Commerce, Building Long-Term Brand Engagement
18. Skytale: Keys to an Effective Medspa Membership Program
19. Stamp: Do Loyalty Programs Increase Sales
20. The Pros & Cons of Membership Programs for Medical Spas
21. TOP 10 LOYALTY PROGRAM “DO’S” FOR AESTHETIC MEDICAL PRACTICES
22. Washington Post: Subscription Boom
23. Yotpo: The State of Brand Loyalty 2021: Global Consumer Survey
24. ZenDesk: 16 Customer Loyalty Programs of 2024+ How They Work
25. Zenoni: How to Grow Medspa Revenue with Gift Cards, Memberships, and Packages
26. Zenoti: 2023 Beauty and Wellness Benchmark Report
27. Zenoti: How to Get Started with Memberships at Your Salon or Spa
28. Zenoti: How to Profit Engineer a Membership Model for Your Beauty and Wellness Brand
29. Accenture: See Beyond the Customer Loyalty Illusion
30. McKinsey & Company: A New Way to Measure Word-of-Mouth Marketing
31. Nielsen: A Multi-Mix Media Approach Drives New Product Awareness
32. BCG: Fueling Growth Through Word of Mouth
33. AmSpa: The 2022 Medical Spa State of the Industry Executive Summary
34. Amspa: The Pros & Cons of Membership Programs for Medical Spas
35. Mangomint: How to Create a Successful Med Spa Membership Program
36. RepeatMD: The 5 Secrets to Successful Medspa Memberships
37. RepeatMD: Membership Masterclass
38. RepeatMD: Selling Memberships
39. OrangeTwist: Membership Info
40. Boss Gal Beauty Bar Membership Info
41. VIO Medspa Membership Info
42. Vitalyc Medspa Membership Info
43. Evolve Medspa Membership Info
44. Alchemy 43 Medspa Membership Info"
What are additional sources for best med spa practices?,"1. Five Secrets to Running a Medspa: A Manager's Guide to Success - https://www.joinblvd.com/blog/medspa-managers-guide
2. How to Handle Customer Complaints in Your Med Spa - https://www.gomarketbox.com/blog/customer-complaints-med-spa
3. How to Successfully Manage Your Spa Business - https://www.aestheticspro.com/Blog/How-To-Successfully-Manage-Your-Spa-Business/
4. 5 Tips on Increasing Medspa Customer Engagement - https://www.aestheticspro.com/Blog/Medspa-Customer-Engagement/
5. 6 Effective Medical Spa Management Strategies - https://www.medicalsparx.com/medical-spa-management/
6. CRM Best Practices for Med Spa - https://www.nimble.com/blog/crm-best-practices-for-med-spa/
7. Med Spa Best Practices: Measuring and Tracking Your Success - https://americanmedspa.org/blog/med-spa-best-practices-measuring-and-tracking-your-success"
